{"cameraMode":{"drawMode":0,"name":"Shaded","section":"Shading Mode"},"sceneLighting":true,"audioPlay":false,"sceneViewState":{"showFog":true,"showMaterialUpdate":false,"showSkybox":true,"showFlares":true,"showImageEffects":true,"showParticleSystems":true},"in2DMode":false,"pivot":{"x":0.12800262868404389,"y":0.05691179633140564,"z":0.060710206627845767},"rotation":{"x":-0.45541074872016909,"y":-0.06745990365743637,"z":0.03463400900363922,"w":-0.8870460391044617},"size":1.2561066150665284,"orthographic":false}